{
  "memory": {
    "coding": {
      "rss_mb": 1594.796875,
      "tensor_mem_mb": 310.5670166015625
    },
    "law": {
      "rss_mb": 1555.64453125,
      "tensor_mem_mb": 310.5670166015625
    },
    "general": {
      "rss_mb": 1555.64453125,
      "tensor_mem_mb": 310.5670166015625
    }
  },
  "accuracy": {
    "coding_compressed": {
      "scores": [
        0.2,
        0.2,
        0.0
      ],
      "mean": 0.13333333333333333
    },
    "coding_general": {
      "scores": [
        0.2,
        0.2,
        0.0
      ],
      "mean": 0.13333333333333333
    },
    "law_compressed": {
      "scores": [
        0.4,
        0.6,
        0.2
      ],
      "mean": 0.39999999999999997
    },
    "law_general": {
      "scores": [
        0.4,
        0.6,
        0.2
      ],
      "mean": 0.39999999999999997
    }
  },
  "latency": {
    "coding_compressed": {
      "avg_time_s": 0.7427314043045044,
      "tokens_per_sec": 26.927634787070907
    },
    "coding_general": {
      "avg_time_s": 0.4713143825531006,
      "tokens_per_sec": 42.434520864100094
    },
    "law_compressed": {
      "avg_time_s": 0.10337700843811035,
      "tokens_per_sec": 193.46661605103014
    },
    "law_general": {
      "avg_time_s": 0.10891051292419433,
      "tokens_per_sec": 183.63700126837824
    }
  }
}